<?xml version="1.0" encoding="utf-8" ?><dwsync><file name="HelveticaNeueLTPro-Bd.otf" server="ftp.webcolors.ca/public_html/" local="3596932985" remote="3622416420" Dst="-1" /><file name="HelveticaNeueLTPro-BdCn.otf" server="ftp.webcolors.ca/public_html/" local="3596932987" remote="3622416420" Dst="-1" /><file name="HelveticaNeueLTPro-BdCnO.otf" server="ftp.webcolors.ca/public_html/" local="3596932988" remote="3622416420" Dst="-1" /><file name="HelveticaNeueLTPro-BdEx.otf" server="ftp.webcolors.ca/public_html/" local="3596932985" remote="3622416420" Dst="-1" /><file name="HelveticaNeueLTPro-BdExO.otf" server="ftp.webcolors.ca/public_html/" local="3596932985" remote="3622416420" Dst="-1" /><file name="HelveticaNeueLTPro-BdIt.otf" server="ftp.webcolors.ca/public_html/" local="3596932987" remote="3622416420" Dst="-1" /><file name="HelveticaNeueLTPro-BdOu.otf" server="ftp.webcolors.ca/public_html/" local="3596932987" remote="3622416420" Dst="-1" /><file name="HelveticaNeueLTPro-Blk.otf" server="ftp.webcolors.ca/public_html/" local="3596932988" remote="3622416420" Dst="-1" /><file name="HelveticaNeueLTPro-BlkCn.otf" server="ftp.webcolors.ca/public_html/" local="3596932984" remote="3622416420" Dst="-1" /><file name="HelveticaNeueLTPro-BlkCnO.otf" server="ftp.webcolors.ca/public_html/" local="3596932984" remote="3622416420" Dst="-1" /><file name="HelveticaNeueLTPro-BlkEx.otf" server="ftp.webcolors.ca/public_html/" local="3596932987" remote="3622416420" Dst="-1" /><file name="HelveticaNeueLTPro-BlkExO.otf" server="ftp.webcolors.ca/public_html/" local="3596932987" remote="3622416420" Dst="-1" /><file name="HelveticaNeueLTPro-BlkIt.otf" server="ftp.webcolors.ca/public_html/" local="3596932981" remote="3622416420" Dst="-1" /><file name="HelveticaNeueLTPro-Cn.otf" server="ftp.webcolors.ca/public_html/" local="3596932984" remote="3622416420" Dst="-1" /><file name="HelveticaNeueLTPro-CnO.otf" server="ftp.webcolors.ca/public_html/" local="3596932984" remote="3622416420" Dst="-1" /><file name="HelveticaNeueLTPro-Ex.otf" server="ftp.webcolors.ca/public_html/" local="3596932980" remote="3622416420" Dst="-1" /><file name="HelveticaNeueLTPro-ExO.otf" server="ftp.webcolors.ca/public_html/" local="3596932982" remote="3622416420" Dst="-1" /><file name="HelveticaNeueLTPro-Hv.otf" server="ftp.webcolors.ca/public_html/" local="3596932982" remote="3622416420" Dst="-1" /><file name="HelveticaNeueLTPro-HvCn.otf" server="ftp.webcolors.ca/public_html/" local="3596932981" remote="3622416420" Dst="-1" /><file name="HelveticaNeueLTPro-HvCnO.otf" server="ftp.webcolors.ca/public_html/" local="3596932981" remote="3622416420" Dst="-1" /><file name="HelveticaNeueLTPro-HvEx.otf" server="ftp.webcolors.ca/public_html/" local="3596932991" remote="3622416420" Dst="-1" /><file name="HelveticaNeueLTPro-HvExO.otf" server="ftp.webcolors.ca/public_html/" local="3596932991" remote="3622416420" Dst="-1" /><file name="HelveticaNeueLTPro-HvIt.otf" server="ftp.webcolors.ca/public_html/" local="3596932992" remote="3622416420" Dst="-1" /><file name="HelveticaNeueLTPro-It.otf" server="ftp.webcolors.ca/public_html/" local="3596932985" remote="3622416420" Dst="-1" /><file name="HelveticaNeueLTPro-Lt.otf" server="ftp.webcolors.ca/public_html/" local="3596932980" remote="3622416420" Dst="-1" /><file name="HelveticaNeueLTPro-LtCn.otf" server="ftp.webcolors.ca/public_html/" local="3596932981" remote="3622416420" Dst="-1" /><file name="HelveticaNeueLTPro-LtCnO.otf" server="ftp.webcolors.ca/public_html/" local="3596932981" remote="3622416420" Dst="-1" /><file name="HelveticaNeueLTPro-LtEx.otf" server="ftp.webcolors.ca/public_html/" local="3596932980" remote="3622416420" Dst="-1" /><file name="HelveticaNeueLTPro-LtExO.otf" server="ftp.webcolors.ca/public_html/" local="3596932985" remote="3622416420" Dst="-1" /><file name="HelveticaNeueLTPro-LtIt.otf" server="ftp.webcolors.ca/public_html/" local="3596932985" remote="3622416420" Dst="-1" /><file name="HelveticaNeueLTPro-Md.otf" server="ftp.webcolors.ca/public_html/" local="3596932985" remote="3622416420" Dst="-1" /><file name="HelveticaNeueLTPro-MdCn.otf" server="ftp.webcolors.ca/public_html/" local="3596932986" remote="3622416420" Dst="-1" /><file name="HelveticaNeueLTPro-MdCnO.otf" server="ftp.webcolors.ca/public_html/" local="3596932986" remote="3622416420" Dst="-1" /><file name="HelveticaNeueLTPro-MdEx.otf" server="ftp.webcolors.ca/public_html/" local="3596932983" remote="3622416420" Dst="-1" /><file name="HelveticaNeueLTPro-MdExO.otf" server="ftp.webcolors.ca/public_html/" local="3596932983" remote="3622416420" Dst="-1" /><file name="HelveticaNeueLTPro-MdIt.otf" server="ftp.webcolors.ca/public_html/" local="3596932983" remote="3622416420" Dst="-1" /><file name="HelveticaNeueLTPro-Roman.otf" server="ftp.webcolors.ca/public_html/" local="3596932985" remote="3622416420" Dst="-1" /><file name="HelveticaNeueLTPro-Th.otf" server="ftp.webcolors.ca/public_html/" local="3596932985" remote="3622416420" Dst="-1" /><file name="HelveticaNeueLTPro-ThCn.otf" server="ftp.webcolors.ca/public_html/" local="3596932984" remote="3622416420" Dst="-1" /><file name="HelveticaNeueLTPro-ThCnO.otf" server="ftp.webcolors.ca/public_html/" local="3596932987" remote="3622416420" Dst="-1" /><file name="HelveticaNeueLTPro-ThExO.otf" server="ftp.webcolors.ca/public_html/" local="3596932984" remote="3622416420" Dst="-1" /><file name="HelveticaNeueLTPro-ThIt.otf" server="ftp.webcolors.ca/public_html/" local="3596932984" remote="3622416420" Dst="-1" /><file name="HelveticaNeueLTPro-ThEx.otf" server="ftp.webcolors.ca/public_html/" local="3596932987" remote="3622416420" Dst="-1" /><file name="HelveticaNeueLTPro-UltLt.otf" server="ftp.webcolors.ca/public_html/" local="3596932984" remote="3622416420" Dst="-1" /><file name="HelveticaNeueLTPro-UltLtCn.otf" server="ftp.webcolors.ca/public_html/" local="3596932987" remote="3622416420" Dst="-1" /><file name="HelveticaNeueLTPro-UltLtCnO.otf" server="ftp.webcolors.ca/public_html/" local="3596932987" remote="3622416420" Dst="-1" /><file name="HelveticaNeueLTPro-UltLtIt.otf" server="ftp.webcolors.ca/public_html/" local="3596932984" remote="3622416420" Dst="-1" /><file name="HelveticaNeueLTPro-UltLtEx.otf" server="ftp.webcolors.ca/public_html/" local="3596932985" remote="3622416420" Dst="-1" /><file name="HelveticaNeueLTPro-UltLtExO.otf" server="ftp.webcolors.ca/public_html/" local="3596932985" remote="3622416420" Dst="-1" /><file name="HelveticaNeueLTPro-XBlkCnO.otf" server="ftp.webcolors.ca/public_html/" local="3596932986" remote="3622416420" Dst="-1" /><file name="HelveticaNeueLTPro-XBlkCn.otf" server="ftp.webcolors.ca/public_html/" local="3596932980" remote="3622416420" Dst="-1" /><file name="Neue Helvetica LT Pro - OpenType Feature List.pdf" server="ftp.webcolors.ca/public_html/" local="3596932986" remote="3622416420" Dst="-1" /><file name="Neue Helvetica Pro - Font List.pdf" server="ftp.webcolors.ca/public_html/" local="3596932985" remote="3622416420" Dst="-1" /><file name="HelveticaNeueLTPro-Bd.otf" server="ftp.webcolors.ca/public_html/echange/" local="3596932985" remote="3622561020" Dst="-1" /><file name="HelveticaNeueLTPro-BdCn.otf" server="ftp.webcolors.ca/public_html/echange/" local="3596932987" remote="3622561080" Dst="-1" /><file name="HelveticaNeueLTPro-BdCnO.otf" server="ftp.webcolors.ca/public_html/echange/" local="3596932988" remote="3622561080" Dst="-1" /><file name="HelveticaNeueLTPro-BdEx.otf" server="ftp.webcolors.ca/public_html/echange/" local="3596932985" remote="3622561080" Dst="-1" /><file name="HelveticaNeueLTPro-BdExO.otf" server="ftp.webcolors.ca/public_html/echange/" local="3596932985" remote="3622561080" Dst="-1" /><file name="HelveticaNeueLTPro-BdIt.otf" server="ftp.webcolors.ca/public_html/echange/" local="3596932987" remote="3622561080" Dst="-1" /><file name="HelveticaNeueLTPro-BdOu.otf" server="ftp.webcolors.ca/public_html/echange/" local="3596932987" remote="3622561080" Dst="-1" /><file name="HelveticaNeueLTPro-Blk.otf" server="ftp.webcolors.ca/public_html/echange/" local="3596932988" remote="3622561080" Dst="-1" /><file name="HelveticaNeueLTPro-BlkCn.otf" server="ftp.webcolors.ca/public_html/echange/" local="3596932984" remote="3622561080" Dst="-1" /><file name="HelveticaNeueLTPro-BlkCnO.otf" server="ftp.webcolors.ca/public_html/echange/" local="3596932984" remote="3622561080" Dst="-1" /><file name="HelveticaNeueLTPro-BlkEx.otf" server="ftp.webcolors.ca/public_html/echange/" local="3596932987" remote="3622561080" Dst="-1" /><file name="HelveticaNeueLTPro-BlkExO.otf" server="ftp.webcolors.ca/public_html/echange/" local="3596932987" remote="3622561080" Dst="-1" /><file name="HelveticaNeueLTPro-BlkIt.otf" server="ftp.webcolors.ca/public_html/echange/" local="3596932981" remote="3622561080" Dst="-1" /></dwsync>