<?xml version="1.0" encoding="utf-8" ?><dwsync><file name=".DS_Store" server="ftp.webcolors.ca/public_html/echange/" local="3622507374" remote="3622507500" Dst="-1" /><file name="480px-Gold_Star.svg.png" server="ftp.webcolors.ca/public_html/echange/" local="3622117863" remote="3622507500" Dst="-1" /><file name="arrow.png" server="ftp.webcolors.ca/public_html/echange/" local="3622115003" remote="3622507500" Dst="-1" /><file name="aside-pub.jpg" server="ftp.webcolors.ca/public_html/echange/" local="3622462491" remote="3622507500" Dst="-1" /><file name="bureau1.jpg" server="ftp.webcolors.ca/public_html/echange/" local="3610545102" remote="3622507500" Dst="-1" /><file name="cat-audio-video.jpg" server="ftp.webcolors.ca/public_html/echange/" local="3622507258" remote="3622507500" Dst="-1" /><file name="bureau2.jpg" server="ftp.webcolors.ca/public_html/echange/" local="3546857546" remote="3622507500" Dst="-1" /><file name="cat-designers-artistes.jpg" server="ftp.webcolors.ca/public_html/echange/" local="3622422890" remote="3622507500" Dst="-1" /><file name="cat-photographes.jpg" server="ftp.webcolors.ca/public_html/echange/" local="3622421392" remote="3622507500" Dst="-1" /><file name="cat-Programmeurs.jpg" server="ftp.webcolors.ca/public_html/echange/" local="3622070936" remote="3622507500" Dst="-1" /><file name="cat-marketing-digital.jpg" server="ftp.webcolors.ca/public_html/echange/" local="3622507142" remote="3622507500" Dst="-1" /><file name="img_211991.png" server="ftp.webcolors.ca/public_html/echange/" local="3622218273" remote="3622507500" Dst="-1" /><file name="banniere.jpg" server="ftp.webcolors.ca/public_html/echange/" local="3622557856" remote="3622557840" Dst="-1" /><file name="logo 2.svg" server="ftp.webcolors.ca/public_html/echange/" local="3622232045" remote="3622507500" Dst="-1" /><file name="cat-redacteurs-traducteurs.jpeg" server="ftp.webcolors.ca/public_html/echange/" local="3622071603" remote="3622507500" Dst="-1" /><file name="logo-white.svg" server="ftp.webcolors.ca/public_html/echange/" local="3622253670" remote="3622507500" Dst="-1" /><file name="logo.svg" server="ftp.webcolors.ca/public_html/echange/" local="3622232045" remote="3622507500" Dst="-1" /><file name="opened-folder.png" server="ftp.webcolors.ca/public_html/echange/" local="3622138117" remote="3622507500" Dst="-1" /><file name="portait1.jpg" server="ftp.webcolors.ca/public_html/echange/" local="3622033620" remote="3622507500" Dst="-1" /><file name="portrait-superAdmin.jpeg" server="ftp.webcolors.ca/public_html/echange/" local="3622207617" remote="3622507500" Dst="-1" /><file name="portrait2.jpg" server="ftp.webcolors.ca/public_html/echange/" local="3622214076" remote="3622507500" Dst="-1" /><file name="portrait3.jpg" server="ftp.webcolors.ca/public_html/echange/" local="3622214590" remote="3622507500" Dst="-1" /><file name="portrait5.jpg" server="ftp.webcolors.ca/public_html/echange/" local="3622221552" remote="3622507500" Dst="-1" /><file name="portrait4.jpg" server="ftp.webcolors.ca/public_html/echange/" local="3622215411" remote="3622507500" Dst="-1" /><file name="portrait7.jpg" server="ftp.webcolors.ca/public_html/echange/" local="3622071967" remote="3622507500" Dst="-1" /><file name="portrait6.jpg" server="ftp.webcolors.ca/public_html/echange/" local="3622221785" remote="3622507500" Dst="-1" /><file name="portrait9.jpg" server="ftp.webcolors.ca/public_html/echange/" local="3622071242" remote="3622507500" Dst="-1" /><file name="portrait8.jpg" server="ftp.webcolors.ca/public_html/echange/" local="3622505879" remote="3622507500" Dst="-1" /><file name="woman-laptop1.jpg" server="ftp.webcolors.ca/public_html/echange/" local="3622030890" remote="3622507500" Dst="-1" /><file name="woman-laptop3.jpg" server="ftp.webcolors.ca/public_html/echange/" local="3622030689" remote="3622507500" Dst="-1" /><file name="woman-laptop4.jpg" server="ftp.webcolors.ca/public_html/echange/" local="3622030468" remote="3622507500" Dst="-1" /><file name="woman-laptop2.jpg" server="ftp.webcolors.ca/public_html/echange/" local="3622030853" remote="3622507500" Dst="-1" /><file name="woman-laptop6.jpg" server="ftp.webcolors.ca/public_html/echange/" local="3622504289" remote="3622507500" Dst="-1" /><file name="woman-laptop5.jpg" server="ftp.webcolors.ca/public_html/echange/" local="3622030785" remote="3622507500" Dst="-1" /><file name="mains.jpg" server="ftp.webcolors.ca/public_html/echange/" local="3616693966" remote="3622507500" Dst="-1" /><file name="bureau3.jpg" server="ftp.webcolors.ca/public_html/echange/" local="3622572446" remote="3622572480" Dst="-1" /><file name="bureau1b.jpg" server="ftp.webcolors.ca/public_html/echange/" local="3622572700" remote="3622572660" Dst="-1" /><file name="woman-laptop6b.jpg" server="ftp.webcolors.ca/public_html/echange/" local="3622579846" remote="3622579800" Dst="-1" /></dwsync>