<?xml version="1.0" encoding="utf-8" ?><dwsync><file name=".DS_Store" server="ftp.webcolors.ca/public_html/" local="3615230236" remote="3622416420" Dst="-1" /><file name="bootstrap-grid.css" server="ftp.webcolors.ca/public_html/" local="3615230246" remote="3622416420" Dst="-1" /><file name="bootstrap-grid.min.css" server="ftp.webcolors.ca/public_html/" local="3615230250" remote="3622416420" Dst="-1" /><file name="bootstrap-grid.css.map" server="ftp.webcolors.ca/public_html/" local="3615230246" remote="3622416420" Dst="-1" /><file name="bootstrap-reboot.css" server="ftp.webcolors.ca/public_html/" local="3615230246" remote="3622416420" Dst="-1" /><file name="bootstrap-reboot.css.map" server="ftp.webcolors.ca/public_html/" local="3615230246" remote="3622416420" Dst="-1" /><file name="bootstrap-grid.min.css.map" server="ftp.webcolors.ca/public_html/" local="3615230250" remote="3622416420" Dst="-1" /><file name="bootstrap-reboot.min.css" server="ftp.webcolors.ca/public_html/" local="3615230250" remote="3622416420" Dst="-1" /><file name="bootstrap-reboot.min.css.map" server="ftp.webcolors.ca/public_html/" local="3615230250" remote="3622416420" Dst="-1" /><file name="bootstrap.css" server="ftp.webcolors.ca/public_html/" local="3615230246" remote="3622416420" Dst="-1" /><file name="bootstrap.min.css" server="ftp.webcolors.ca/public_html/" local="3615230248" remote="3622416420" Dst="-1" /><file name="bootstrap.css.map" server="ftp.webcolors.ca/public_html/" local="3615230246" remote="3622416420" Dst="-1" /><file name="fonts.css" server="ftp.webcolors.ca/public_html/" local="3622250750" remote="3622416420" Dst="-1" /><file name="medias-sociaux.css" server="ftp.webcolors.ca/public_html/" local="3622285891" remote="3622416420" Dst="-1" /><file name="style.css" server="ftp.webcolors.ca/public_html/" local="3622289779" remote="3622416420" Dst="-1" /><file name="bootstrap.min.css.map" server="ftp.webcolors.ca/public_html/" local="3615230248" remote="3622416420" Dst="-1" /><file name="style.css" server="ftp.webcolors.ca/public_html/echange/" local="3622583257" remote="3622583160" Dst="-1" /><file name="medias-sociaux.css" server="ftp.webcolors.ca/public_html/echange/" local="3622475988" remote="3622475880" Dst="-1" /><file name=".DS_Store" server="ftp.webcolors.ca/public_html/echange/" local="3615230236" remote="3622561020" Dst="-1" /><file name="bootstrap-grid.min.css" server="ftp.webcolors.ca/public_html/echange/" local="3615230250" remote="3622561020" Dst="-1" /><file name="bootstrap-grid.css" server="ftp.webcolors.ca/public_html/echange/" local="3615230246" remote="3622561020" Dst="-1" /><file name="bootstrap-grid.css.map" server="ftp.webcolors.ca/public_html/echange/" local="3615230246" remote="3622561020" Dst="-1" /><file name="bootstrap-reboot.css" server="ftp.webcolors.ca/public_html/echange/" local="3615230246" remote="3622561020" Dst="-1" /><file name="bootstrap-reboot.css.map" server="ftp.webcolors.ca/public_html/echange/" local="3615230246" remote="3622561020" Dst="-1" /><file name="bootstrap-grid.min.css.map" server="ftp.webcolors.ca/public_html/echange/" local="3615230250" remote="3622561020" Dst="-1" /><file name="bootstrap-reboot.min.css" server="ftp.webcolors.ca/public_html/echange/" local="3615230250" remote="3622561020" Dst="-1" /><file name="bootstrap-reboot.min.css.map" server="ftp.webcolors.ca/public_html/echange/" local="3615230250" remote="3622561020" Dst="-1" /><file name="bootstrap.css" server="ftp.webcolors.ca/public_html/echange/" local="3615230246" remote="3622561020" Dst="-1" /><file name="bootstrap.min.css" server="ftp.webcolors.ca/public_html/echange/" local="3615230248" remote="3622561020" Dst="-1" /><file name="bootstrap.css.map" server="ftp.webcolors.ca/public_html/echange/" local="3615230246" remote="3622561020" Dst="-1" /><file name="fonts.css" server="ftp.webcolors.ca/public_html/echange/" local="3622250750" remote="3622561020" Dst="-1" /><file name="bootstrap.min.css.map" server="ftp.webcolors.ca/public_html/echange/" local="3615230248" remote="3622561020" Dst="-1" /><file name="style2.css" server="ftp.webcolors.ca/public_html/echange/" local="3622715258" remote="3622673880" Dst="-1" /></dwsync>