<?xml version="1.0" encoding="utf-8" ?><dwsync><file name="AGaramondPro-BoldItalic.otf" server="ftp.webcolors.ca/public_html/" local="3061173600" remote="3622416420" Dst="-1" /><file name="AGaramondPro-Bold.otf" server="ftp.webcolors.ca/public_html/" local="3061173600" remote="3622416420" Dst="-1" /><file name="AGaramondPro-Italic.otf" server="ftp.webcolors.ca/public_html/" local="3061173600" remote="3622416420" Dst="-1" /><file name="AGaramondPro-Regular.otf" server="ftp.webcolors.ca/public_html/" local="3061173600" remote="3622416420" Dst="-1" /><file name="AGaramondPro-Semibold.otf" server="ftp.webcolors.ca/public_html/" local="3061173600" remote="3622416420" Dst="-1" /><file name="AGaramondPro-SemiboldItalic.otf" server="ftp.webcolors.ca/public_html/" local="3061173600" remote="3622416420" Dst="-1" /><file name="AGaramondPro-Bold.otf" server="ftp.webcolors.ca/public_html/echange/" local="3061173600" remote="3622561020" Dst="-1" /><file name="AGaramondPro-BoldItalic.otf" server="ftp.webcolors.ca/public_html/echange/" local="3061173600" remote="3622561020" Dst="-1" /><file name="AGaramondPro-Italic.otf" server="ftp.webcolors.ca/public_html/echange/" local="3061173600" remote="3622561020" Dst="-1" /><file name="AGaramondPro-Regular.otf" server="ftp.webcolors.ca/public_html/echange/" local="3061173600" remote="3622561020" Dst="-1" /><file name="AGaramondPro-SemiboldItalic.otf" server="ftp.webcolors.ca/public_html/echange/" local="3061173600" remote="3622561020" Dst="-1" /><file name="AGaramondPro-Semibold.otf" server="ftp.webcolors.ca/public_html/echange/" local="3061173600" remote="3622561020" Dst="-1" /></dwsync>